Match Number,HTGD,FGS,RED-H,RED-A,POINTS_H,POINTS_A,TOTAL_H_P,TOTAL_A_P,Match_O
1,0,2,0,0,0,3,0,55,1
2,2,1,0,0,0,1,65,0,2
3,3,1,0,0,0,0,83,48,2
4,2,1,0,0,0,0,91,43,2
5,0,2,0,0,0,0,0,82,1
6,0,0,0,0,0,0,67,42,1
7,1,1,0,0,0,0,50,0,2
8,1,1,0,0,0,0,58,51,2
9,1,1,0,0,0,0,38,63,2
10,0,0,0,0,0,0,0,45,2
11,-1,0,0,1,0,0,55,47,2
12,2,1,0,0,0,0,56,65,2
13,1,1,0,0,0,3,51,0,2
14,1,1,0,0,1,1,43,67,2
15,0,0,0,1,1,3,42,0,2
16,0,2,0,0,0,3,43,38,1
17,0,2,0,0,0,3,63,50,1
18,0,0,0,0,0,3,47,83,0
19,0,0,0,0,0,3,48,56,1
20,-1,0,0,0,0,3,45,91,2
21,0,0,1,1,0,4,47,56,2
22,1,1,0,0,1,1,48,0,2
23,0,0,0,1,3,4,65,50,0
24,0,0,0,0,1,6,0,83,0
25,0,0,0,0,1,1,0,63,2
26,1,1,0,0,9,3,83,65,2
27,-1,0,0,0,3,4,45,38,0
28,2,1,0,0,4,3,42,58,2
29,0,0,0,0,1,3,63,91,0
30,1,0,0,0,1,4,82,55,2
31,-1,0,0,0,4,7,55,42,1
32,2,1,0,0,7,4,50,82,2
33,-1,0,0,0,1,3,67,45,1
34,0,2,0,0,4,1,56,0,2
35,1,1,0,0,6,3,91,47,2
36,0,2,0,0,3,4,58,48,0
37,0,2,0,0,7,3,38,51,2
38,0,2,0,0,1,8,0,42,1
39,1,1,0,0,3,4,0,43,2
40,-2,0,0,0,2,6,0,0,0
41,0,2,0,0,9,12,0,83,1
42,1,1,0,0,4,6,82,58,2
43,1,1,0,0,9,4,91,82,2
44,0,1,0,0,2,4,63,43,2
45,0,2,0,0,3,7,65,48,1
46,0,0,0,0,5,3,55,58,0
47,-1,0,0,0,12,2,83,67,0
48,0,0,0,0,3,10,47,38,0
49,0,2,0,0,7,4,56,45,1
50,0,2,0,0,10,3,50,51,1
51,1,1,0,0,9,3,42,47,2
52,0,0,0,0,8,12,48,91,0
53,0,2,0,0,4,5,43,55,2
54,-1,0,0,0,5,5,45,63,0
55,1,1,0,0,4,2,51,0,1
56,1,1,0,0,2,5,0,45,2
57,-1,0,0,0,13,8,38,56,0
58,0,1,0,0,6,11,58,50,1
59,0,2,0,0,7,4,82,65,2
60,0,2,0,0,5,2,67,0,2
61,1,1,0,0,12,7,50,43,1
62,1,1,0,0,3,8,0,48,1
63,-1,0,0,0,5,10,55,0,0
64,0,0,0,0,8,5,63,51,1
65,1,1,0,0,13,7,83,58,2
66,1,1,0,0,4,13,65,38,2
67,1,1,0,0,11,10,56,82,2
68,0,1,0,0,3,8,47,67,0
69,0,1,0,0,15,12,91,42,1
70,1,1,0,0,13,5,38,55,2
71,-1,0,0,0,13,16,0,91,0
72,2,1,0,0,11,4,67,0,2
73,0,2,0,0,13,7,42,65,2
74,-1,0,0,0,10,11,82,63,1
75,0,2,0,0,8,5,43,0,1
76,1,1,0,0,5,13,45,50,2
77,0,1,0,0,14,12,42,48,1
78,0,2,0,0,9,3,48,47,2
79,1,1,0,0,7,14,58,56,0
80,1,1,0,0,5,16,51,83,0
81,2,1,0,1,13,6,50,0,2
82,1,1,0,0,19,11,83,82,2
83,0,0,0,0,12,17,63,56,2
84,0,2,0,0,8,7,45,58,2
85,1,1,0,0,8,5,65,55,2
86,-2,0,0,0,13,14,0,67,0
87,2,1,0,0,5,9,51,43,2
88,0,2,0,0,3,4,47,0,1
89,0,2,0,0,19,16,91,38,2
90,0,2,0,0,5,11,0,65,1
91,0,2,0,0,7,4,58,47,1
92,-1,0,0,0,17,16,67,50,1
93,-2,0,0,0,20,22,56,83,0
94,0,0,0,0,13,8,48,51,0
95,3,1,0,0,11,15,82,42,2
96,1,1,0,0,16,13,38,0,2
97,1,1,0,0,6,11,0,45,2
98,0,0,0,0,8,6,58,0,0
99,1,1,0,0,9,11,43,45,2
100,1,1,0,0,5,12,55,63,2
101,0,1,0,0,6,22,0,91,0
102,0,2,0,0,8,18,55,67,2
103,1,1,0,0,15,12,42,63,2
104,0,0,0,0,12,25,65,91,2
105,0,2,0,0,13,17,48,50,2
106,0,0,0,0,20,11,56,51,0
107,1,1,0,0,5,12,47,43,2
108,1,1,0,0,14,13,82,0,2
109,2,1,0,0,25,19,83,38,2
110,2,1,0,0,14,8,51,47,2
111,0,0,0,0,12,28,63,83,0
112,1,1,0,0,18,17,67,82,2
113,0,2,0,0,12,8,43,58,1
114,2,1,0,0,25,9,91,0,2
115,-1,0,0,0,17,18,50,42,0
116,0,2,0,0,11,11,45,55,2
117,0,0,0,0,19,16,38,48,1
118,-1,0,0,0,9,20,0,56,1
119,0,1,0,0,10,31,0,83,0
120,0,2,0,0,14,17,45,82,1
121,1,0,0,0,13,15,0,65,2
122,0,2,0,0,17,21,51,42,1
123,1,1,0,0,12,15,63,65,1
124,3,1,0,0,13,17,43,48,2
125,-1,0,0,0,21,9,67,58,1
126,1,1,0,0,28,11,91,55,2
127,0,2,0,0,17,21,50,56,2
128,0,0,0,0,20,9,38,0,2
129,1,1,0,0,16,8,0,47,2
130,1,1,0,0,11,10,55,0,2
131,1,1,0,0,21,22,56,67,2
132,0,0,0,0,9,10,0,0,0
133,0,2,0,0,10,23,58,38,2
134,1,0,0,0,16,18,65,51,2
135,1,1,0,0,34,31,83,91,1
136,0,0,0,0,8,20,47,50,1
137,0,0,0,0,22,15,42,45,1
138,-1,0,1,0,17,19,48,0,0
139,0,2,0,0,18,16,82,43,2
140,0,2,0,0,21,23,82,38,1
141,1,1,0,0,35,21,83,50,2
142,2,1,0,0,13,20,63,48,2
143,-1,0,0,0,24,23,38,42,1
144,1,1,0,0,22,24,0,56,2
145,-1,0,0,0,13,9,0,47,2
146,-4,0,0,0,18,22,51,82,0
147,-1,0,0,0,16,38,45,83,0
148,-2,0,0,0,23,16,42,43,0
149,1,1,0,0,17,22,48,67,2
150,-1,0,0,0,24,32,56,91,0
151,2,1,0,0,22,19,67,65,2
152,0,0,0,0,14,18,55,51,0
153,0,2,0,0,9,16,47,63,2
154,0,2,0,0,19,16,65,45,2
155,0,2,0,0,19,9,43,0,1
156,0,2,0,0,21,14,50,55,2
157,-2,0,1,0,16,16,63,58,0
158,0,2,0,0,25,20,82,48,2
159,-1,0,0,0,16,21,45,51,1
160,2,1,0,0,25,24,38,50,2
161,1,1,0,0,22,12,65,47,2
162,0,2,0,0,10,25,0,0,1
163,1,1,0,0,24,14,56,55,2
164,-1,1,0,0,13,25,58,0,2
165,2,1,0,0,41,20,83,43,2
166,-1,0,0,0,26,24,0,50,0
167,-1,0,0,0,22,42,51,91,0
168,2,1,0,0,20,17,48,45,2
169,1,1,0,0,24,39,50,91,0
170,-2,0,0,0,20,25,43,65,0
171,0,2,0,0,14,44,55,83,2
172,-1,0,0,0,12,28,47,82,0
173,-1,0,0,0,29,28,67,38,1
174,0,2,0,0,19,11,58,0,2
175,1,1,0,0,26,16,0,63,0
176,-1,0,0,0,22,17,51,0,0
177,0,0,0,0,25,27,42,56,0
178,0,2,0,0,36,19,91,58,2
179,0,0,0,0,22,26,51,67,0
180,-1,0,0,0,16,24,0,42,1
181,0,0,0,0,35,25,91,67,1
182,0,0,0,0,25,44,42,83,0
183,0,2,0,0,31,11,82,0,2
184,-2,0,0,0,20,30,43,56,0
185,1,1,0,0,17,12,45,47,2
186,2,1,0,0,22,28,58,65,2
187,-1,0,0,0,29,20,38,0,2
188,0,0,0,0,20,20,0,43,0
189,0,0,0,0,11,33,0,67,0
190,0,2,0,0,23,17,48,55,1
191,2,0,0,0,30,19,67,63,2
192,0,0,0,0,18,23,55,43,0
193,1,1,0,0,20,36,0,67,2
194,1,0,0,0,12,24,47,48,1
195,1,1,0,0,45,26,91,0,1
196,0,2,0,0,28,25,65,42,2
197,-2,0,0,0,18,32,55,38,0
198,0,2,0,0,19,34,63,82,2
199,0,0,0,0,33,25,56,58,2
200,0,2,0,0,27,20,50,45,1
201,0,2,0,0,47,22,83,51,2
202,-1,0,0,0,31,30,50,0,1
203,0,1,0,0,32,26,65,58,0
204,-2,0,0,0,12,40,0,82,0
205,0,2,0,0,39,29,56,43,1
206,0,1,0,0,16,24,47,45,0
207,1,1,0,0,48,22,91,51,2
208,3,1,0,0,54,26,83,42,2
209,1,1,0,0,23,36,0,38,1
210,0,0,0,0,18,27,55,48,1
211,-1,0,0,1,28,39,63,67,0
212,2,1,0,1,36,16,67,47,2
213,0,2,0,0,25,47,42,91,1
214,0,2,0,0,37,39,82,56,2
215,0,2,0,0,26,11,48,0,1
216,0,2,0,0,26,31,43,50,2
217,0,1,0,0,21,23,45,0,2
218,1,1,0,0,35,31,38,65,1
219,4,1,0,0,27,18,0,55,2
220,-1,0,0,0,22,25,51,63,0
221,0,1,0,0,25,53,58,83,1
222,-1,0,0,0,13,25,47,42,2
223,1,1,0,0,22,21,63,45,2
224,1,0,0,0,36,35,56,38,2
225,0,0,0,0,46,25,91,48,1
226,0,1,0,0,28,25,50,58,2
227,0,1,0,0,50,27,83,0,2
228,-1,0,0,0,31,34,65,82,0
229,1,1,0,0,31,24,0,0,2
230,-1,0,0,0,30,28,43,63,0
231,0,0,0,0,22,32,51,50,0
232,0,0,0,0,42,57,67,83,2
233,2,1,0,0,43,51,82,91,2
234,0,2,0,0,26,12,42,0,2
235,0,2,0,0,28,32,48,65,1
236,3,1,0,0,27,40,45,56,2
237,-1,0,0,0,29,19,58,55,1
238,0,0,0,0,37,16,38,47,0
239,0,0,0,0,30,37,43,0,0
240,0,0,0,0,15,41,0,56,0
241,0,2,0,0,22,38,51,38,2
242,0,2,0,0,31,45,45,67,1
243,1,1,0,0,51,31,91,63,2
244,0,1,0,0,40,19,56,47,1
245,1,1,0,0,57,15,83,0,2
246,1,1,0,0,30,29,58,42,2
247,0,2,0,0,37,30,38,45,1
248,2,1,0,0,24,29,0,48,2
249,0,0,0,0,20,46,55,82,0
250,0,0,0,0,34,22,0,51,2
251,0,1,0,0,12,31,0,63,2
252,-1,0,0,0,20,15,55,0,1
253,1,1,0,0,38,30,38,43,2
254,-1,0,0,0,33,60,65,83,0
255,0,2,0,0,49,35,82,50,1
256,1,1,0,0,29,20,42,55,2
257,0,1,0,0,31,27,63,0,2
258,-1,0,0,0,20,54,47,91,0
259,0,2,0,0,29,33,48,58,2
260,0,1,0,1,18,25,0,51,1
261,0,0,0,0,39,33,50,65,0
262,1,1,0,0,44,32,56,48,2
263,-1,0,0,0,46,25,67,51,2
264,1,1,0,0,40,32,0,42,2
265,1,1,0,0,57,32,91,45,2
266,1,1,0,0,36,34,50,63,2
267,1,1,0,0,63,20,83,47,2
268,0,0,0,0,33,50,58,82,2
269,0,0,0,0,27,33,0,65,2
270,0,2,0,0,30,42,0,50,1
271,2,1,0,0,19,23,0,47,1
272,-1,0,0,0,41,60,38,91,0
273,0,0,0,0,26,36,51,58,1
274,2,1,0,0,34,41,63,38,2
275,2,1,1,0,36,47,65,56,2
276,0,1,0,0,32,66,48,83,0
277,3,1,0,0,20,20,47,55,2
278,2,1,0,0,50,30,82,0,2
279,1,1,0,0,32,43,45,0,2
280,-2,0,0,0,19,39,0,50,0
281,-1,0,0,0,33,52,42,67,0
282,-1,0,0,0,30,63,43,91,0
283,0,0,0,0,47,37,56,63,0
284,2,1,0,0,20,39,55,65,0
285,0,0,0,0,53,69,82,83,0
286,0,2,0,0,49,43,67,0,2
287,0,0,0,0,32,32,48,42,1
288,-1,0,0,0,30,29,43,51,0
289,0,2,0,0,36,35,58,45,1
290,0,2,0,0,43,55,50,67,2
291,3,1,0,0,72,47,83,56,2
292,2,1,0,0,66,31,91,0,2
293,0,0,0,0,36,30,45,43,0
294,0,2,0,0,43,41,0,38,1
295,1,1,0,0,42,20,65,0,2
296,0,2,0,0,32,33,51,48,1
297,0,2,0,0,40,20,63,55,0
298,0,2,0,0,24,37,47,58,2
299,0,2,0,0,33,53,42,82,1
300,2,1,0,0,23,36,55,45,2
301,0,0,0,0,20,69,0,91,0
302,1,1,0,0,45,44,65,0,2
303,2,1,0,0,54,55,82,67,2
304,0,2,0,0,47,31,56,0,2
305,0,2,0,0,27,33,47,51,2
306,-1,0,0,0,34,42,48,38,1
307,-1,0,0,0,75,40,83,63,2
308,0,0,0,0,37,33,58,43,0
309,0,2,0,0,36,30,43,47,1
310,2,0,0,0,47,35,50,48,2
311,-1,0,0,0,34,46,42,50,1
312,0,2,0,0,72,48,91,65,2
313,-1,0,0,0,55,26,67,55,0
314,0,1,0,0,40,35,63,42,0
315,1,1,0,0,36,20,45,0,2
316,-1,0,0,0,44,57,0,82,0
317,-1,0,0,0,31,37,0,58,0
318,0,1,0,0,33,50,51,56,0
319,1,1,0,0,43,78,38,83,2
320,0,2,0,0,31,44,47,0,1
321,0,1,0,0,53,50,56,50,1
322,-2,0,0,0,35,37,48,43,0
323,0,2,0,0,40,55,58,67,1
324,0,0,0,0,56,54,67,56,2
325,0,2,0,0,40,60,43,82,1
326,0,1,0,0,39,39,45,42,0
327,1,1,0,0,46,41,38,58,2
328,1,1,0,0,45,35,0,48,2
329,1,1,0,0,31,29,0,55,2
330,1,0,0,0,20,46,0,38,2
331,-1,0,0,1,38,33,42,51,1
332,0,2,0,0,61,39,82,45,2
333,-1,0,0,0,29,75,55,91,0
334,0,1,0,0,59,41,67,43,2
335,1,1,0,0,78,34,83,0,2
336,0,1,0,0,34,48,51,65,1
337,0,2,0,0,51,32,50,47,2
338,1,1,0,0,35,43,48,63,1
339,1,1,0,0,64,35,82,51,2
340,0,0,0,0,23,41,0,43,1
341,1,1,0,0,29,54,55,50,2
342,0,1,0,0,81,39,83,45,1
343,2,1,0,0,40,23,63,0,2
344,0,1,0,0,51,54,63,0,1
345,0,1,0,0,55,49,56,42,1
346,0,0,0,0,82,57,91,50,1
347,-1,0,0,0,67,33,82,47,1
348,-1,0,0,0,89,38,83,55,0
349,1,1,0,0,43,39,45,48,2
350,-1,0,0,0,53,67,38,67,0
351,-1,0,0,0,38,35,0,51,0
352,1,1,0,0,57,42,65,43,2
353,-1,0,0,0,27,42,0,58,1
354,-1,0,0,0,56,50,65,63,1
355,0,2,0,0,81,88,91,83,1
356,-1,0,0,0,33,53,47,65,0
357,1,1,0,1,66,80,67,91,1
358,-1,0,0,0,42,85,43,83,1
359,0,2,0,0,54,53,50,38,2
360,0,2,0,0,36,67,48,82,2
361,-1,0,0,0,42,47,58,63,0
362,0,0,0,0,54,24,0,0,0
363,3,1,0,0,35,55,55,56,2
364,-1,0,0,0,35,40,51,45,0
365,2,1,0,0,46,38,42,0,2
366,0,2,0,0,51,42,0,58,2
367,1,1,0,0,63,36,67,48,2
368,1,0,0,0,79,54,91,56,1
369,1,1,0,0,54,82,50,83,0
370,0,2,0,0,44,33,63,47,2
371,0,0,0,0,42,43,43,42,0
372,-1,0,0,0,40,50,45,65,0
373,2,1,0,0,50,67,38,82,2
374,1,1,0,0,35,24,0,0,2
375,-1,0,0,0,35,32,51,55,0
376,0,2,0,0,41,78,58,91,1
377,0,2,0,0,42,49,42,38,1
378,1,1,0,0,49,62,65,67,1
379,0,2,0,0,54,48,56,0,0
380,0,2,0,0,32,34,47,0,1
381,3,1,0,0,0,0,85,57,2
382,0,2,0,0,0,0,60,55,2
383,0,0,0,0,0,0,87,43,1
384,1,1,0,0,0,0,83,0,2
385,3,1,0,0,0,0,37,0,2
386,0,0,0,0,0,0,65,58,0
387,0,0,0,0,0,0,0,36,2
388,0,2,0,0,0,0,42,46,2
389,2,1,0,0,0,0,49,40,2
390,0,0,0,0,0,0,39,76,0
391,0,1,0,0,3,3,58,0,1
392,0,0,0,0,3,3,76,42,2
393,0,0,0,0,1,3,43,37,1
394,1,1,0,0,0,3,0,60,2
395,0,0,0,0,0,0,46,39,0
396,0,0,0,0,0,0,0,65,0
397,1,1,0,0,0,3,36,83,2
398,-1,0,0,0,0,3,40,85,0
399,0,2,0,1,0,3,55,49,2
400,-1,0,0,0,0,1,57,87,0
401,0,2,0,0,3,0,37,0,1
402,-2,0,0,0,3,0,65,57,0
403,-2,0,0,0,4,0,0,40,0
404,1,1,0,1,3,3,42,0,2
405,1,1,0,0,3,4,49,58,2
406,2,1,0,0,3,4,83,43,2
407,0,1,0,0,6,0,85,46,1
408,-1,0,0,0,3,3,39,55,0
409,0,2,0,0,3,6,60,76,1
410,0,1,0,0,1,6,0,49,2
411,-1,0,0,0,3,3,40,39,1
412,0,1,0,0,6,7,55,85,0
413,0,0,0,0,7,4,76,87,2
414,-2,0,0,0,4,6,58,83,0
415,2,1,0,0,3,4,36,37,2
416,-1,0,0,0,4,4,43,0,0
417,-1,0,0,0,3,6,57,42,2
418,-1,0,0,0,1,4,46,60,0
419,-1,0,0,0,3,3,0,65,0
420,0,0,0,0,4,6,39,42,2
421,0,2,0,0,4,6,58,36,2
422,0,2,0,0,10,3,76,0,1
423,2,1,0,0,6,4,49,43,2
424,-1,1,0,0,4,9,37,83,0
425,-1,0,0,0,4,7,0,60,0
426,-1,0,0,0,10,4,85,87,1
427,-2,0,1,0,6,9,36,49,0
428,0,2,0,0,5,4,87,37,2
429,0,0,0,0,6,4,42,0,0
430,1,1,0,0,6,2,57,46,2
431,1,1,0,0,5,9,40,55,2
432,0,0,0,0,7,11,65,76,0
433,1,0,0,0,10,7,60,39,2
434,0,2,0,0,7,12,39,83,1
435,-2,0,0,0,12,4,49,37,0
436,2,1,0,0,14,13,85,60,2
437,2,1,0,0,9,14,55,76,0
438,1,1,0,0,9,4,57,0,2
439,-1,0,0,0,2,11,46,0,0
440,1,1,0,0,7,4,65,43,1
441,-1,0,0,0,13,8,83,65,2
442,0,2,0,0,13,12,60,57,1
443,0,0,1,0,5,9,43,55,1
444,0,2,0,0,14,12,0,49,2
445,0,1,0,1,4,2,0,46,2
446,-1,0,0,0,9,17,42,85,0
447,-1,0,0,0,8,14,65,87,1
448,0,1,0,0,9,6,39,43,2
449,0,0,0,0,10,17,0,0,0
450,0,0,0,0,11,9,58,42,1
451,-1,0,0,0,20,20,85,76,0
452,1,1,0,0,10,7,55,0,2
453,2,1,0,0,6,10,43,0,2
454,0,0,0,0,17,12,60,58,2
455,1,1,0,0,8,8,36,40,2
456,-1,0,0,0,20,20,0,85,0
457,0,2,0,0,7,12,0,39,2
458,0,0,0,0,19,5,83,46,1
459,0,0,0,0,8,9,37,65,0
460,0,2,0,0,23,14,76,57,2
461,2,1,0,0,15,12,87,49,2
462,0,2,0,0,10,13,42,55,2
463,-1,0,0,0,13,12,42,49,1
464,-1,0,0,0,14,8,57,40,0
465,1,1,0,0,10,20,0,83,2
466,-1,0,0,1,10,12,0,58,1
467,-1,0,0,0,6,26,46,76,2
468,0,2,0,0,9,20,43,60,2
469,0,2,0,0,8,13,37,55,2
470,0,2,0,0,12,11,65,36,2
471,3,1,0,0,23,12,85,39,2
472,2,1,0,0,18,20,87,0,2
473,1,1,0,0,20,21,83,87,2
474,0,2,0,0,11,13,40,0,1
475,0,0,0,0,20,11,0,37,0
476,1,1,0,0,12,14,39,57,0
477,0,2,0,0,13,15,49,65,0
478,2,1,0,0,26,11,76,0,2
479,-1,0,0,0,13,26,58,85,0
480,0,0,0,0,20,14,60,42,0
481,0,1,1,1,13,9,55,46,0
482,1,1,0,0,11,12,36,43,2
483,1,1,0,0,14,12,36,46,2
484,2,1,0,0,21,14,87,0,2
485,-1,0,0,0,12,12,43,40,1
486,0,2,0,0,13,17,49,57,1
487,-3,0,0,0,11,29,0,85,0
488,-1,0,0,0,18,17,65,42,1
489,-1,1,0,0,20,13,0,55,1
490,-1,0,0,0,14,29,37,76,0
491,-1,0,0,0,23,20,83,60,0
492,1,1,0,0,13,12,58,39,0
493,1,1,0,0,14,23,55,83,2
494,-2,0,0,0,18,14,42,37,0
495,0,2,0,0,13,19,40,65,2
496,1,1,0,1,12,13,46,58,2
497,-1,0,0,0,15,14,39,49,0
498,0,2,0,0,32,13,85,43,1
499,0,2,0,0,32,17,76,36,1
500,0,2,0,0,24,18,60,36,1
501,0,2,0,0,18,14,42,43,1
502,-1,0,0,0,17,22,0,0,1
503,-2,1,0,0,15,17,39,37,0
504,0,0,0,0,16,11,40,0,2
505,-1,0,0,0,17,25,55,87,0
506,0,2,0,0,19,13,57,58,2
507,0,0,0,0,15,19,46,65,0
508,1,1,0,0,33,23,85,83,0
509,0,0,0,0,13,34,58,76,0
510,-2,0,0,0,20,33,37,85,0
511,0,0,0,0,23,19,0,42,2
512,2,1,0,0,15,18,43,0,1
513,0,0,0,0,19,17,36,55,1
514,1,1,0,0,26,19,83,40,2
515,0,0,0,0,18,15,49,46,0
516,1,1,0,0,11,22,0,57,1
517,0,0,0,0,22,25,65,60,0
518,0,2,0,0,19,20,0,36,1
519,3,1,0,0,15,12,39,0,2
520,2,1,0,0,19,13,40,58,2
521,0,2,0,0,18,31,46,87,1
522,0,0,0,0,23,16,57,43,0
523,-1,0,0,0,36,18,85,49,1
524,0,0,0,0,19,29,42,83,1
525,1,0,0,0,28,20,60,37,2
526,0,0,0,0,37,26,76,0,1
527,0,0,0,0,18,22,55,65,0
528,1,1,0,0,20,23,37,57,2
529,1,1,0,0,21,20,36,42,2
530,0,2,0,0,12,18,0,55,2
531,0,1,0,0,19,19,43,46,2
532,0,1,0,0,30,38,83,76,1
533,3,1,0,0,13,20,58,0,2
534,0,2,0,1,25,37,65,85,1
535,0,0,0,0,20,32,0,87,0
536,2,1,0,0,38,15,85,0,2
537,1,1,0,0,23,19,57,49,0
538,0,2,0,0,19,24,46,36,1
539,1,1,0,0,39,23,76,37,2
540,4,1,0,0,18,27,55,0,2
541,0,0,0,0,20,26,42,65,0
542,0,2,0,0,21,16,39,58,1
543,1,1,0,0,22,22,40,43,2
544,-1,0,0,0,23,25,37,40,0
545,0,2,0,0,35,20,87,42,2
546,-1,0,0,0,22,42,43,76,0
547,0,2,0,0,32,23,83,57,2
548,1,1,0,0,38,42,87,85,2
549,2,1,0,0,38,18,60,0,2
550,0,2,0,0,35,23,83,37,2
551,2,1,0,0,32,27,65,0,2
552,1,1,0,0,20,22,42,39,1
553,0,2,0,0,23,26,39,36,2
554,-2,0,1,0,21,47,0,87,0
555,-1,0,0,0,24,44,57,60,0
556,3,1,0,0,21,21,46,0,2
557,0,2,0,0,46,35,76,65,1
558,0,1,0,0,26,26,49,36,2
559,0,0,0,0,20,23,46,57,1
560,0,2,0,0,18,23,58,43,2
561,0,0,0,0,23,44,37,87,0
562,0,0,0,0,42,21,85,0,2
563,0,2,0,0,22,31,55,40,2
564,1,1,0,0,23,41,39,60,0
565,1,1,0,0,18,21,0,42,2
566,-1,0,0,0,27,38,0,83,0
567,1,1,0,0,41,31,87,40,2
568,0,2,0,0,28,20,40,46,2
569,0,2,0,0,45,21,85,42,2
570,1,1,0,0,25,23,55,43,2
571,-1,0,0,0,31,47,40,76,1
572,-2,0,0,0,21,23,58,37,2
573,0,2,0,0,36,41,65,83,1
574,1,1,0,0,26,24,36,57,2
575,1,1,1,0,21,28,0,55,2
576,0,2,0,0,42,32,83,49,1
577,0,2,0,0,47,32,60,40,1
578,1,1,0,0,24,24,37,46,2
579,1,1,0,0,27,21,0,0,1
580,0,2,0,0,21,22,42,58,1
581,1,1,0,0,50,37,87,65,2
582,-1,0,0,0,23,26,43,39,1
583,0,2,0,0,48,48,76,85,2
584,-2,0,0,0,22,24,0,43,0
585,0,2,0,0,33,29,40,36,1
586,0,2,0,0,24,51,57,76,0
587,2,1,0,0,56,30,87,36,2
588,0,2,0,0,24,31,57,55,2
589,0,2,0,1,24,43,46,83,1
590,0,0,0,0,33,53,49,87,0
591,0,2,0,0,28,22,55,42,2
592,-1,0,0,0,23,48,58,60,0
593,0,2,0,0,48,28,85,0,1
594,1,1,0,0,37,27,65,37,2
595,0,2,0,0,27,24,39,0,2
596,-1,0,0,0,51,49,60,85,0
597,0,2,0,0,44,30,83,39,1
598,2,1,0,0,27,33,37,49,2
599,0,2,0,0,22,34,42,40,1
600,0,0,0,0,24,27,0,57,1
601,0,1,0,0,59,23,87,58,2
602,0,0,0,0,54,31,76,55,1
603,0,2,1,0,27,40,43,65,1
604,1,1,0,0,41,22,65,0,2
605,0,2,0,0,45,33,83,36,1
606,1,1,0,0,52,35,85,40,2
607,1,1,0,0,23,55,42,76,2
608,0,0,0,0,29,25,0,46,0
609,0,2,0,0,30,22,36,0,2
610,-2,0,0,0,29,23,0,58,0
611,0,2,0,0,33,32,49,55,2
612,0,2,0,0,30,28,37,43,2
613,1,1,0,0,51,25,60,0,1
614,0,0,0,0,28,55,57,85,0
615,1,1,0,0,34,27,36,58,0
616,1,1,0,0,31,31,39,46,1
617,1,1,0,0,32,52,55,60,2
618,0,1,0,0,28,62,43,87,0
619,1,1,0,0,26,33,0,37,2
620,-1,0,0,1,35,36,40,49,0
621,0,2,0,0,26,44,58,65,1
622,0,0,0,0,34,29,36,0,0
623,3,1,0,0,28,26,46,42,2
624,-1,1,0,0,65,58,87,76,0
625,1,1,0,0,49,30,83,58,2
626,0,0,0,0,33,34,37,36,0
627,2,1,0,0,45,29,65,0,2
628,0,1,0,0,32,28,0,43,1
629,-1,0,0,0,26,28,42,57,1
630,-1,0,0,0,32,35,39,40,0
631,1,1,0,0,58,35,85,55,2
632,0,2,0,0,39,22,49,0,1
633,0,2,0,0,29,27,0,42,2
634,0,2,0,0,35,61,46,85,2
635,0,0,0,0,23,33,0,37,1
636,-1,0,0,0,31,38,58,46,2
637,1,1,0,0,55,38,83,55,2
638,1,1,0,0,34,27,37,42,2
639,0,2,0,0,33,32,0,57,1
640,0,0,0,0,29,61,43,85,0
641,-1,0,0,0,24,32,0,0,0
642,1,1,0,0,41,32,49,39,2
643,0,0,0,0,40,64,36,76,0
644,0,2,0,0,38,33,40,0,2
645,1,1,0,1,35,32,55,39,2
646,3,1,0,0,61,52,76,60,2
647,0,0,0,0,29,48,57,65,2
648,-1,0,0,0,30,40,58,49,1
649,1,1,0,1,37,65,36,87,2
650,1,1,0,0,48,41,65,40,2
651,1,1,0,0,33,24,57,0,1
652,-1,0,0,0,32,68,39,87,0
653,0,2,0,0,38,44,46,49,2
654,1,1,0,0,41,58,40,83,0
655,-1,0,0,0,52,51,60,65,1
656,1,1,0,0,38,40,55,36,0
657,2,1,0,0,67,34,76,58,2
658,1,1,0,0,64,37,85,37,2
659,1,1,0,0,27,34,42,0,2
660,1,1,0,0,38,25,55,0,2
661,1,1,0,0,53,44,60,49,1
662,0,2,0,0,30,43,42,36,1
663,0,2,0,0,34,37,57,37,2
664,-1,0,0,0,70,61,76,83,1
665,1,1,0,0,41,30,46,43,2
666,0,2,0,0,67,52,85,65,1
667,1,1,0,0,71,37,87,57,2
668,-1,0,0,0,37,54,37,60,1
669,-1,0,0,0,53,41,65,55,0
670,1,1,0,0,44,39,36,0,2
671,-1,0,0,0,34,71,0,76,0
672,1,1,0,0,25,35,0,39,2
673,0,0,0,0,45,68,49,85,1
674,-2,0,0,0,74,44,87,46,2
675,1,1,0,0,62,31,83,42,2
676,1,1,0,0,34,41,58,40,2
677,0,2,0,0,30,37,43,57,1
678,-1,0,0,0,39,45,0,49,0
679,1,1,0,0,44,28,46,0,2
680,0,2,0,0,41,38,40,37,1
681,2,1,0,0,74,31,76,43,2
682,0,0,0,0,35,53,39,65,0
683,-1,0,0,0,31,77,42,87,0
684,1,1,0,0,71,47,85,36,2
685,3,1,0,0,44,37,55,58,2
686,-2,0,0,0,38,65,57,83,0
687,1,1,0,0,55,34,60,0,2
688,-1,0,0,0,34,39,0,0,0
689,0,1,0,0,28,42,0,40,2
690,-2,0,0,0,48,77,49,76,0
691,2,1,0,0,80,47,87,55,2
692,-2,0,0,0,68,74,83,85,0
693,1,1,0,0,37,38,58,57,2
694,0,2,0,0,39,35,37,39,1
695,0,2,0,0,56,47,65,46,1
696,0,1,0,0,47,58,36,60,2
697,0,0,0,0,31,31,43,42,2
698,1,1,0,0,42,83,40,87,0
699,1,1,0,0,40,34,37,0,1
700,0,0,0,1,57,48,65,49,2
701,1,1,0,0,31,58,42,60,1
702,-1,0,0,0,34,50,43,36,0
703,0,2,0,0,42,42,0,40,2
704,1,1,0,0,48,47,46,55,2
705,-1,0,0,0,31,80,0,76,0
706,1,1,0,0,77,40,85,58,2
707,0,2,0,0,86,68,87,83,1
708,0,0,0,0,38,36,57,39,2
709,1,1,0,0,7,6,0,65,1
710,2,1,0,0,6,6,55,57,2
711,0,2,0,0,1,4,46,40,1
712,0,2,0,0,12,8,83,0,0
713,-2,0,0,0,4,7,43,58,0
714,-1,0,0,0,4,11,0,85,0
715,-1,0,0,0,10,8,58,87,0
716,0,2,0,0,7,6,0,36,2
717,0,0,0,0,8,6,40,42,0
718,0,2,0,0,7,10,37,58,1
719,0,2,0,0,6,8,36,39,1
720,-1,0,0,0,17,8,76,40,2
721,0,2,0,0,11,10,87,0,2
722,0,2,0,0,13,7,57,36,1
723,1,1,0,0,2,8,46,37,2
724,0,0,0,0,12,16,49,83,0
725,-1,0,0,0,8,14,40,60,0
726,0,2,0,0,23,24,60,87,1
727,1,1,0,0,18,21,57,0,1
728,0,2,0,0,14,11,0,0,2
729,0,2,0,0,33,17,76,49,1
730,0,2,0,0,28,15,87,39,2
731,0,0,0,0,19,31,49,60,0
732,0,0,0,0,27,18,0,39,0
733,-1,0,0,0,34,31,60,83,1
734,1,1,0,0,17,21,58,55,1
735,2,1,0,0,29,22,65,39,2
736,1,1,0,0,25,41,36,85,1
737,0,2,0,1,15,20,0,46,2
738,-1,0,0,0,22,20,49,0,2
739,0,0,0,0,27,35,0,60,0
740,0,2,0,0,20,45,0,76,1
741,0,1,0,0,22,25,43,49,1
742,1,1,0,0,29,27,49,0,2
743,-2,0,0,0,22,46,0,83,0
744,0,2,0,0,55,31,76,39,2
745,-1,0,0,0,52,32,60,46,0
746,0,0,0,0,29,52,43,83,0
747,0,1,0,0,65,52,87,60,2
748,1,1,0,0,35,29,0,43,1
749,0,2,0,0,36,34,0,58,2
750,1,1,0,0,32,34,39,0,2
751,3,1,0,0,69,45,83,0,2
752,1,1,0,0,59,34,60,43,2
753,0,2,0,0,40,31,58,0,1
754,-1,0,0,0,53,60,36,65,0
755,-1,0,0,0,35,87,0,87,0
756,1,1,0,0,83,51,76,46,2
757,1,1,0,0,47,41,55,37,2
758,0,0,0,0,36,80,39,85,0
759,1,1,0,0,48,32,49,42,2
760,1,1,0,0,42,41,40,57,2
761,1,1,0,0,0,0,90,0,2
762,1,1,0,0,0,0,51,86,2
763,0,0,0,0,0,0,83,35,2
764,-1,0,0,0,0,0,62,45,0
765,-1,0,0,0,0,0,41,50,0
766,-1,0,0,0,0,0,41,36,0
767,-1,0,0,0,0,0,41,53,0
768,2,1,0,0,0,0,45,0,2
769,-1,0,0,0,0,0,0,51,0
770,-3,0,0,0,0,0,63,72,0
771,1,1,0,0,3,3,36,83,0
772,-1,0,0,0,3,0,45,0,0
773,0,2,0,0,0,0,0,41,2
774,0,1,0,0,0,3,0,90,1
775,-2,0,0,0,0,3,35,51,0
776,2,1,0,0,0,3,86,45,2
777,1,1,0,0,3,0,72,41,2
778,0,2,0,0,3,3,0,45,1
779,0,2,0,0,0,0,35,41,2
780,1,1,0,0,3,3,50,0,2
781,0,0,0,0,3,0,36,41,2
782,0,0,0,0,3,3,45,90,0
783,0,2,0,0,3,6,51,51,0
784,1,1,0,0,3,0,0,63,1
785,-1,0,0,0,3,6,53,83,0
786,-2,0,0,0,3,0,86,62,0
787,1,1,0,0,9,6,83,0,2
788,0,2,0,0,0,3,41,51,1
789,0,1,0,0,0,3,41,86,0
790,1,1,0,0,4,6,45,36,2
791,0,2,0,0,9,4,51,0,2
792,-1,0,0,0,3,3,0,35,1
793,-1,0,0,0,6,6,90,72,2
794,-1,0,0,0,0,6,41,50,0
795,0,0,0,0,0,3,63,45,2
796,1,1,0,0,3,3,62,53,2
797,0,1,0,0,7,12,45,83,0
798,0,1,0,0,6,4,36,35,2
799,0,2,0,0,3,4,45,51,2
800,-1,1,0,0,12,9,51,90,0
801,0,0,0,0,4,6,0,62,0
802,-1,0,0,0,3,3,53,63,2
803,1,1,0,0,1,4,41,0,2
804,2,1,0,0,6,6,86,0,2
805,1,1,0,0,9,6,50,72,2
806,-1,0,0,0,0,0,41,41,0
807,0,1,0,0,6,9,0,36,2
808,1,1,0,0,6,6,72,45,2
809,0,1,0,0,12,12,90,50,2
810,1,1,0,0,4,6,0,53,2
811,-1,0,0,0,0,6,41,63,0
812,-1,0,0,0,7,4,0,41,0
813,0,0,0,0,4,12,41,62,2
814,1,1,0,0,12,4,86,35,2
815,0,0,0,0,8,15,45,90,0
816,1,1,0,0,12,4,50,51,2
817,1,1,0,0,9,7,36,0,2
818,0,1,0,0,7,15,41,51,1
819,0,2,0,0,9,7,0,0,2
820,0,2,0,0,4,9,35,45,2
821,-1,0,0,0,7,0,0,41,0
822,-1,0,0,0,18,12,90,36,1
823,1,0,0,0,12,7,72,41,2
824,0,0,0,0,9,8,63,45,1
825,1,1,0,1,4,6,51,53,1
826,0,2,0,0,18,15,83,86,2
827,1,1,0,0,12,15,62,50,1
828,0,0,0,0,10,7,63,0,1
829,0,0,0,0,13,21,62,83,2
830,1,1,0,0,15,7,72,0,2
831,1,1,0,0,7,7,53,35,2
832,2,0,0,0,7,12,41,0,2
833,1,1,0,0,9,16,45,50,1
834,0,0,0,0,8,16,0,62,1
835,1,1,0,0,7,16,0,36,2
836,0,1,0,0,12,10,0,45,0
837,0,2,0,0,7,3,35,41,1
838,0,0,0,0,19,12,51,45,0
839,1,1,0,0,21,10,83,41,2
840,1,1,0,0,8,11,41,63,2
841,0,2,0,0,15,22,86,90,2
842,0,2,0,0,17,10,50,53,1
843,-2,0,0,0,5,18,51,72,1
844,1,1,0,0,11,17,63,62,1
845,0,1,0,0,11,18,53,86,2
846,2,1,0,0,4,13,41,45,2
847,2,1,0,0,15,9,45,0,1
848,1,1,0,0,12,8,0,35,2
849,1,1,0,0,7,18,51,62,1
850,0,2,0,0,10,18,0,50,2
851,2,1,0,0,19,19,72,51,2
852,-1,0,1,0,11,24,41,83,0
853,1,1,0,0,18,11,62,41,2
854,-1,0,0,0,10,7,41,41,2
855,-1,0,0,0,19,15,50,0,1
856,1,1,0,0,19,17,51,36,2
857,-3,0,0,0,10,22,0,72,0
858,-1,0,0,0,8,16,35,45,2
859,-1,0,0,0,10,12,51,63,0
860,0,1,0,0,13,14,45,53,1
861,0,2,0,0,27,25,83,90,2
862,-1,1,0,0,18,11,86,0,1
863,0,2,0,0,19,20,86,50,1
864,1,1,0,0,12,15,0,53,2
865,1,1,0,0,16,21,0,62,1
866,-1,0,0,0,11,13,41,41,0
867,1,1,0,0,22,14,51,45,2
868,-1,0,0,0,16,7,45,41,1
869,1,1,0,0,15,16,53,41,2
870,3,1,0,0,12,15,35,63,2
871,0,0,0,0,7,28,41,90,0
872,3,1,0,0,11,17,51,0,2
873,0,2,0,0,14,20,45,36,2
874,1,1,0,0,22,25,62,51,1
875,-1,0,0,0,10,15,0,0,0
876,-1,0,0,0,15,20,63,86,0
877,-2,0,0,0,25,33,72,83,0
878,0,2,0,0,16,19,41,45,1
879,-1,0,0,0,18,11,53,41,1
880,1,1,0,0,21,15,50,35,1
881,2,1,0,0,25,20,72,45,2
882,2,1,0,0,23,16,62,35,2
883,0,2,0,0,17,23,41,86,1
884,-1,0,0,0,14,31,51,90,0
885,1,1,0,0,17,18,45,0,0
886,1,1,0,0,19,20,53,36,2
887,0,0,0,0,15,26,63,51,0
888,1,1,0,0,7,17,41,0,2
889,0,0,0,0,20,17,45,45,0
890,0,2,0,0,21,14,0,51,2
891,0,1,0,0,12,25,41,50,1
892,0,0,0,0,17,22,0,53,1
893,1,1,0,0,24,28,86,72,0
894,-1,0,0,0,21,29,36,62,0
895,1,1,0,0,24,19,0,41,2
896,0,2,0,0,13,14,41,51,2
897,2,1,0,0,34,16,90,0,2
898,0,0,0,0,18,31,0,72,1
899,1,1,0,0,37,11,83,41,2
900,1,1,0,0,24,18,86,45,2
901,1,1,0,0,27,26,51,50,2
902,0,2,0,0,32,21,62,45,2
903,-1,0,0,0,19,30,41,51,0
904,1,1,0,0,23,37,53,90,2
905,1,1,0,0,26,21,50,36,2
906,1,1,0,0,32,17,72,35,2
907,1,1,0,0,16,19,0,0,2
908,0,1,0,0,17,27,63,0,1
909,1,1,0,0,14,40,51,83,1
910,1,1,0,1,11,27,41,86,2
911,0,2,0,0,35,35,72,62,2
912,-1,0,0,0,17,37,35,90,0
913,0,2,0,0,28,41,0,83,1
914,0,2,0,0,26,33,53,51,1
915,1,1,0,0,15,14,51,41,2
916,0,0,0,0,20,22,41,36,1
917,-1,0,0,0,42,27,83,53,2
918,0,2,0,0,19,20,63,0,2
919,2,1,0,0,35,21,50,41,2
920,0,0,0,0,41,22,72,63,1
921,1,1,0,0,32,43,0,90,1
922,3,1,0,0,21,27,45,53,2
923,-2,0,0,0,14,38,41,72,0
924,3,1,0,0,40,19,90,45,2
925,0,0,0,0,35,30,62,86,0
926,1,1,0,0,17,17,41,35,1
927,1,1,0,0,34,18,51,51,2
928,0,0,0,0,14,19,41,51,1
929,0,2,0,0,19,37,0,86,1
930,1,1,0,0,18,20,41,0,2
931,1,1,0,0,38,27,51,53,2
932,1,1,0,0,47,19,90,35,2
933,-1,0,0,0,45,18,72,41,2
934,1,1,0,0,34,38,86,51,2
935,0,2,0,0,35,18,62,51,1
936,1,1,0,0,21,27,41,53,2
937,-1,0,0,0,18,42,41,72,0
938,0,0,0,0,24,33,45,86,1
939,4,1,0,0,45,23,83,36,2
940,0,2,0,0,36,48,62,72,1
941,2,1,0,0,48,33,83,0,2
942,0,0,0,0,33,41,0,51,1
943,-2,0,0,0,27,37,53,62,0
944,1,1,0,0,19,20,35,0,1
945,1,1,0,0,38,21,86,41,2
946,0,2,0,0,20,27,51,41,1
947,2,1,0,0,38,15,50,41,2
948,-2,0,0,0,49,50,72,90,0
949,0,2,0,0,23,25,36,45,1
950,0,1,0,0,20,54,35,83,1
951,0,2,1,1,41,32,86,63,2
952,0,2,0,0,21,30,41,53,1
953,1,1,0,0,20,21,0,51,2
954,1,1,0,0,21,41,35,50,2
955,2,1,0,0,53,15,90,41,2
956,2,1,0,0,26,28,45,41,2
957,-1,0,0,0,24,22,36,45,1
958,0,2,0,0,42,40,51,62,1
959,-1,0,1,1,15,25,41,36,1
960,1,1,0,0,23,29,45,45,1
961,0,2,0,0,30,44,45,50,1
962,0,2,0,0,49,44,72,86,2
963,0,1,0,1,41,56,62,90,1
964,1,1,0,0,21,37,51,0,2
965,1,1,0,0,21,43,0,51,2
966,1,1,0,1,28,24,41,35,2
967,1,0,0,0,32,58,63,83,2
968,1,1,0,0,41,22,50,41,2
969,0,2,0,0,24,22,45,41,1
970,0,0,0,0,35,57,63,90,2
971,1,1,0,0,52,26,72,36,2
972,1,1,0,0,24,24,51,35,2
973,1,1,0,0,31,23,41,41,2
974,0,0,0,0,42,23,62,0,2
975,-1,0,0,0,34,37,53,0,2
976,0,2,0,0,45,44,50,86,1
977,1,1,0,0,57,27,90,51,2
978,1,1,0,0,37,25,0,45,2
979,1,1,0,0,23,24,41,0,2
980,0,1,0,0,61,46,83,50,0
981,2,1,0,0,38,24,63,35,2
982,1,1,0,0,58,23,72,0,2
983,-2,0,0,0,27,26,51,41,0
984,0,0,0,0,24,60,0,90,0
985,2,1,0,0,46,38,51,63,2
986,1,1,0,0,45,34,86,41,2
987,0,2,0,0,26,37,36,53,1
988,1,1,0,0,25,48,45,86,2
989,-1,0,0,0,23,34,0,45,1
990,1,1,0,0,27,29,36,41,2
991,-2,0,0,0,19,40,41,0,0
992,1,1,0,0,49,34,51,41,2
993,0,2,0,0,63,38,90,53,2
994,1,1,0,0,30,49,36,50,1
995,3,1,0,0,48,19,86,41,2
996,0,0,0,0,28,46,45,62,0
997,-1,1,0,0,49,27,62,0,1
998,0,2,0,0,42,32,63,41,2
999,0,0,0,0,19,24,41,35,2
1000,0,0,0,0,36,52,45,51,0
1001,2,1,0,0,31,44,36,0,2
1002,-1,0,0,0,27,28,51,0,0
1003,0,0,0,0,66,51,90,86,2
1004,-2,0,0,0,38,50,53,50,0
1005,-1,0,0,0,34,64,41,83,1
1006,-1,0,0,0,53,45,50,63,0
1007,0,0,0,0,50,34,62,36,1
1008,-1,0,0,0,22,65,41,83,0
1009,1,1,0,0,68,51,83,62,2
1010,1,1,0,0,24,38,35,53,2
1011,2,1,0,0,55,22,51,41,2
1012,0,0,0,0,27,36,51,45,0
1013,0,2,0,0,31,48,0,63,1
1014,-1,0,0,0,32,69,41,90,0
1015,2,1,0,0,51,35,86,36,2
1016,0,0,0,0,44,67,0,72,1
1017,0,2,0,0,53,31,50,45,2
1018,-1,0,0,0,24,38,0,41,0
1019,-1,0,0,0,72,71,90,83,0
1020,0,2,0,0,68,32,72,0,2
1021,-1,0,0,0,32,51,41,62,0
1022,0,2,0,0,22,41,41,41,1
1023,1,1,0,0,39,27,45,35,2
1024,3,1,0,0,35,58,36,51,2
1025,-5,0,0,0,24,56,0,50,0
1026,0,1,0,0,27,24,35,0,0
1027,0,2,0,0,28,38,51,36,2
1028,0,0,0,0,45,54,0,86,1
1029,0,2,0,0,42,72,41,90,1
1030,0,2,0,0,55,41,86,53,1
1031,1,1,0,0,74,32,83,41,2
1032,0,2,0,0,32,42,0,45,1
1033,-1,0,0,0,54,50,62,63,1
1034,0,2,0,0,31,23,45,41,1
1035,0,2,0,0,42,33,53,0,1
1036,1,1,0,0,43,32,45,41,0
1037,2,1,0,0,38,27,36,0,2
1038,2,1,0,0,61,77,51,83,2
1039,-1,1,0,0,24,55,41,62,0
1040,0,0,0,0,62,73,50,90,0
1041,0,2,0,0,46,27,0,35,1
1042,-1,0,0,0,43,51,41,63,0
1043,2,1,0,0,56,31,86,51,2
1044,-1,0,0,0,32,71,45,72,2
1045,0,2,0,0,76,64,90,51,2
1046,2,1,0,0,35,24,41,41,1
1047,0,2,0,0,61,47,62,0,2
1048,0,0,0,0,27,59,0,86,0
1049,-1,0,0,0,54,43,63,53,2
1050,1,0,0,0,63,64,50,62,2
1051,-1,0,0,0,62,80,86,83,0
1052,1,1,0,0,43,34,53,51,2
1053,-1,0,0,0,44,79,36,90,0
1054,2,1,0,0,47,27,0,0,2
1055,0,1,0,0,35,28,45,35,1
1056,0,0,0,0,46,44,53,45,0
1057,0,0,0,0,66,67,50,51,0
1058,2,1,0,0,9,0,62,41,2
1059,0,0,0,0,3,7,41,45,1
1060,0,0,0,0,4,4,35,0,0
1061,0,0,0,0,4,9,51,86,0
1062,1,1,0,0,15,12,83,51,2
1063,1,1,0,0,3,4,63,41,2
1064,0,0,0,0,6,9,53,72,0
1065,2,1,0,0,12,9,51,0,2
1066,0,1,0,0,6,18,45,83,2
1067,2,1,0,0,19,8,90,41,2
1068,-2,0,0,0,3,16,41,51,0
1069,0,1,0,0,9,5,45,51,2
1070,1,1,0,0,13,15,36,86,2
1071,0,2,0,0,22,10,90,41,2
1072,-1,0,1,0,16,6,36,51,1
1073,3,1,0,0,30,10,83,0,2
1074,1,0,0,0,11,10,35,51,1
1075,1,1,0,0,25,15,90,63,2
1076,0,2,0,0,17,25,36,72,2
1077,0,0,0,0,22,36,50,83,2
1078,1,1,0,0,10,12,0,41,2
1079,0,0,0,0,36,16,83,63,1
1080,0,2,0,0,16,18,35,41,1
1081,-1,0,0,0,34,26,90,62,0
1082,1,1,0,0,20,10,36,41,1
1083,-1,0,0,0,27,13,51,0,0
1084,-1,0,0,0,19,16,0,41,1
1085,0,2,0,0,27,19,86,0,2
1086,2,1,0,0,29,21,50,45,2
1087,1,1,0,0,21,18,36,63,1
1088,-1,0,0,0,18,19,45,41,1
1089,0,0,0,0,21,29,45,0,0
1090,-1,0,0,0,19,32,0,50,0
1091,2,1,0,0,23,38,63,50,2
1092,0,2,0,0,44,20,90,0,2
1093,0,2,0,0,37,18,51,35,1
1094,0,0,1,1,19,19,0,45,0
1095,1,1,0,0,24,22,41,45,2
1096,2,1,0,0,26,23,63,36,2
1097,-1,0,0,0,20,51,0,83,0
1098,0,0,0,0,22,29,45,63,0
1099,0,2,0,0,27,15,53,41,2
1100,-1,0,0,0,34,21,0,0,2
1101,2,1,0,0,55,49,83,72,2
1102,2,1,0,0,31,23,53,0,2
1103,1,1,0,0,16,31,41,45,0
1104,-1,0,0,0,24,58,0,83,0
1105,-1,0,0,0,25,43,45,51,0
1106,0,0,0,0,23,16,0,41,0
1107,0,1,0,0,34,55,45,72,0
1108,-1,0,0,0,43,41,0,63,1
1109,1,1,0,0,29,28,41,45,2
1110,-1,0,0,0,24,24,0,0,0
1111,0,1,0,0,61,27,83,51,2
1112,0,0,1,0,24,61,35,72,0
1113,0,2,0,0,35,45,45,62,1
1114,1,1,1,0,64,27,72,51,2
1115,0,2,0,0,28,24,45,0,2
1116,1,1,0,0,38,44,41,0,2
1117,1,1,0,0,49,27,63,51,1
1118,-1,0,0,0,38,31,53,45,2
1119,2,1,0,0,59,46,50,0,2
1120,1,1,0,0,58,71,51,72,2
1121,-1,0,0,0,28,58,35,62,0
1122,1,0,0,0,31,35,51,45,2
1123,-1,0,0,0,34,43,0,41,1
1124,-1,0,0,1,28,41,35,36,0
1125,0,2,0,0,71,62,72,50,1
1126,3,1,0,0,77,43,83,45,2
1127,1,1,0,0,64,36,51,41,2
1128,0,2,0,0,43,57,45,63,1
1129,1,1,0,0,25,35,41,0,2
1130,0,0,0,0,44,72,41,72,2
1131,0,0,0,0,35,44,0,36,2
1132,0,1,0,0,34,66,51,50,1
1133,2,1,0,0,82,47,90,45,2
1134,0,2,0,0,29,62,35,86,1
1135,0,2,0,0,58,28,63,41,2
1136,2,1,0,1,83,36,83,45,2
1137,-1,0,0,0,27,70,0,51,2
1138,1,1,0,0,36,50,41,0,2
1139,0,0,0,0,64,47,62,41,0
1140,3,1,0,0,72,46,72,53,2
1141,0,2,1,1,0,0,63,75,1
1142,0,2,0,0,0,0,70,67,1
1143,2,1,0,0,0,0,64,35,2
1144,1,1,0,0,0,0,50,61,2
1145,0,2,0,0,0,0,39,46,1
1146,1,1,1,0,0,0,44,50,1
1147,-3,0,0,0,0,0,36,0,0
1148,2,1,0,0,0,0,38,47,2
1149,2,1,0,0,0,0,86,0,2
1150,2,1,0,0,0,0,85,0,2
1151,3,1,0,1,1,3,75,0,2
1152,0,0,0,0,1,3,50,50,1
1153,1,1,0,0,0,3,61,38,1
1154,-1,0,0,0,0,1,47,70,0
1155,0,2,0,0,0,1,0,44,2
1156,1,1,0,0,0,1,35,39,0
1157,1,1,0,0,1,1,67,63,2
1158,2,0,0,0,0,3,0,64,2
1159,-1,0,0,0,1,3,46,85,0
1160,0,0,0,0,3,4,50,75,0
1161,-1,0,0,0,3,2,0,46,1
1162,2,1,0,0,6,0,86,47,2
1163,0,0,0,0,4,0,70,36,0
1164,1,1,0,0,4,3,38,0,1
1165,1,1,0,0,4,0,85,35,2
1166,-1,0,1,0,4,4,39,50,1
1167,0,2,0,0,1,3,63,0,2
1168,0,2,0,0,1,4,44,67,2
1169,1,1,0,0,3,1,64,61,2
1170,-2,0,0,0,0,9,35,86,0
1171,0,0,0,1,3,4,36,44,1
1172,0,2,0,0,5,4,50,63,1
1173,0,1,0,0,1,7,61,85,0
1174,0,1,0,0,7,5,75,39,2
1175,-1,0,0,0,3,5,46,38,2
1176,-1,0,0,0,4,3,67,50,1
1177,-1,0,0,0,4,4,0,0,0
1178,0,0,0,0,3,4,0,70,1
1179,0,1,0,0,6,5,64,39,1
1180,1,1,0,0,4,6,50,46,1
1181,-1,0,0,0,2,4,61,0,0
1182,-1,0,0,0,5,5,70,38,2
1183,-1,0,0,0,4,6,0,50,2
1184,1,1,0,0,8,5,85,63,2
1185,-1,0,0,0,4,5,36,67,0
1186,4,1,0,0,12,7,86,0,2
1187,-1,0,0,0,3,0,47,35,1
1188,0,2,0,0,8,15,67,86,2
1189,-1,0,0,0,11,7,75,0,0
1190,0,2,0,0,6,4,50,36,1
1191,-1,0,0,0,7,5,0,50,0
1192,0,1,0,0,6,11,39,85,1
1193,-1,0,0,0,5,7,38,64,0
1194,1,1,0,0,7,4,0,47,0
1195,0,2,0,1,5,5,36,38,2
1196,0,0,0,0,7,3,50,61,0
1197,0,2,0,0,7,8,47,50,2
1198,0,1,0,0,11,7,67,0,2
1199,-2,0,0,0,6,7,63,0,0
1200,1,1,0,0,15,11,86,75,2
1201,0,0,0,0,10,14,0,67,0
1202,0,0,0,0,11,7,75,50,2
1203,1,1,0,0,8,10,39,47,2
1204,0,1,0,0,9,11,46,70,0
1205,0,2,1,0,8,8,50,44,1
1206,1,1,0,0,6,6,61,63,2
1207,1,1,0,0,7,10,50,0,2
1208,1,1,0,0,19,6,86,38,2
1209,1,1,0,0,9,11,44,64,2
1210,1,0,0,0,12,9,0,46,2
1211,0,2,0,0,9,11,36,39,1
1212,0,1,0,0,6,8,35,0,0
1213,-1,0,0,0,10,14,47,85,0
1214,0,2,0,0,6,9,63,50,2
1215,-2,0,1,0,17,14,67,75,0
1216,0,0,0,0,14,9,70,61,1
1217,0,1,0,0,9,22,50,86,0
1218,0,2,0,0,10,10,61,47,2
1219,3,1,0,0,11,12,0,44,2
1220,0,0,0,0,12,9,39,63,0
1221,0,2,0,0,17,6,75,35,2
1222,1,1,0,2,10,15,0,0,2
1223,0,2,0,0,11,10,64,50,1
1224,1,1,0,0,12,15,39,70,2
1225,0,0,0,0,11,6,50,35,1
1226,0,2,0,0,9,10,50,36,2
1227,0,1,0,0,13,13,0,61,1
1228,-1,0,0,0,12,12,46,64,1
1229,1,1,0,0,20,9,85,38,2
1230,2,1,0,0,12,10,44,47,2
1231,-1,0,0,0,20,14,75,0,0
1232,-2,0,0,0,15,17,0,67,0
1233,2,1,0,0,12,25,63,86,2
1234,1,1,0,0,10,12,47,50,2
1235,0,2,0,0,15,15,70,44,1
1236,0,1,0,0,13,14,64,0,2
1237,1,1,0,0,25,13,86,46,2
1238,-1,0,0,0,17,12,0,50,0
1239,0,0,0,0,7,15,35,0,1
1240,-1,0,0,0,10,15,36,63,1
1241,-1,0,0,0,9,20,38,75,0
1242,0,0,0,0,14,15,61,39,1
1243,0,2,0,0,20,23,67,85,1
1244,3,1,0,0,16,15,70,50,2
1245,0,2,0,0,8,14,35,0,1
1246,0,2,0,0,11,16,36,0,2
1247,-1,0,0,0,9,16,38,39,0
1248,0,2,0,0,13,16,47,63,2
1249,-1,0,0,0,15,23,61,75,0
1250,-1,0,0,0,28,16,86,44,0
1251,0,2,0,0,16,24,64,85,1
1252,0,2,0,0,21,12,67,50,1
1253,0,2,0,0,17,13,0,46,1
1254,2,1,0,0,19,18,39,0,2
1255,-3,0,0,0,14,22,46,67,0
1256,2,1,0,0,26,19,75,70,0
1257,1,1,0,0,13,28,50,86,2
1258,2,1,0,0,15,9,0,38,2
1259,0,0,0,0,19,15,44,61,1
1260,1,1,0,0,15,17,50,64,2
1261,-1,0,0,0,16,16,61,0,0
1262,-1,0,0,0,14,16,46,50,1
1263,3,1,0,0,28,18,85,50,2
1264,0,0,0,0,19,25,47,67,1
1265,1,1,0,0,9,14,35,36,2
1266,0,2,0,0,9,20,38,44,2
1267,0,1,0,0,18,28,0,86,1
1268,-1,0,0,0,22,19,70,63,2
1269,-2,0,0,0,17,26,64,75,0
1270,-1,0,0,0,22,18,39,0,1
1271,1,1,0,0,20,12,44,35,2
1272,0,1,0,0,29,15,75,46,2
1273,-1,0,0,0,17,25,50,70,1
1274,2,1,0,0,18,12,50,38,2
1275,2,1,0,0,19,17,63,64,2
1276,1,1,0,0,19,19,0,0,2
1277,0,2,0,0,15,23,46,44,1
1278,0,0,0,0,21,19,47,0,0
1279,0,2,0,0,17,15,61,36,1
1280,-2,0,0,0,32,18,67,61,0
1281,1,1,0,0,24,26,44,39,2
1282,0,2,0,0,21,12,50,35,1
1283,1,1,0,0,31,32,85,75,2
1284,0,2,0,0,23,21,39,50,2
1285,1,1,0,0,12,18,38,50,2
1286,1,1,0,0,26,30,70,86,0
1287,1,1,0,0,17,22,64,0,2
1288,-1,1,0,0,16,13,46,35,0
1289,0,0,0,0,22,21,50,47,0
1290,1,1,0,0,32,31,75,86,2
1291,3,1,0,0,35,20,67,64,2
1292,-2,0,0,0,24,16,47,46,0
1293,0,0,0,0,27,22,44,0,0
1294,0,2,0,0,30,22,70,0,2
1295,0,0,0,0,22,22,0,50,0
1296,0,1,0,0,16,21,35,61,1
1297,0,0,0,0,18,37,50,85,1
1298,0,2,0,0,31,29,86,39,2
1299,-1,1,0,0,19,35,36,75,1
1300,0,0,0,0,22,15,63,38,0
1301,2,1,0,0,38,25,67,0,2
1302,1,1,0,0,24,22,47,61,2
1303,2,1,0,0,27,25,44,50,2
1304,1,1,0,0,33,19,70,46,2
1305,0,2,0,0,17,18,35,38,2
1306,-1,0,0,0,19,36,50,75,0
1307,0,1,0,0,34,20,86,64,1
1308,-1,0,0,0,20,22,36,0,0
1309,0,0,0,0,22,38,0,85,1
1310,-1,0,0,0,22,29,63,39,2
1311,0,0,0,0,25,25,0,63,2
1312,0,2,0,0,39,41,75,67,1
1313,0,0,0,0,21,30,64,44,0
1314,3,1,0,0,25,20,0,35,2
1315,1,1,0,0,18,35,38,86,2
1316,2,1,0,0,25,25,50,63,2
1317,0,2,0,0,29,20,39,36,1
1318,0,1,0,0,22,36,61,70,2
1319,-1,0,0,0,25,19,0,50,0
1320,0,2,0,0,35,28,86,50,2
1321,0,0,0,0,42,21,67,38,2
1322,1,1,0,0,27,30,47,39,2
1323,0,0,0,0,22,28,0,0,2
1324,0,2,0,0,21,22,36,46,1
1325,-2,0,0,0,20,40,35,75,0
1326,0,2,0,0,22,21,50,64,1
1327,0,0,0,0,33,28,44,0,1
1328,-1,0,0,0,46,27,75,61,2
1329,0,1,0,0,37,41,44,86,0
1330,2,1,0,0,51,28,85,64,2
1331,-1,1,0,0,25,22,0,36,1
1332,0,2,0,0,29,26,63,46,2
1333,2,1,0,0,28,48,0,85,0
1334,0,0,0,0,22,25,36,64,0
1335,-2,0,0,0,30,38,39,86,0
1336,1,1,0,0,28,25,50,0,2
1337,-1,0,0,0,21,26,38,63,0
1338,1,1,0,0,43,22,75,36,2
1339,-2,0,0,0,28,34,0,44,0
1340,-1,0,0,0,26,20,61,35,1
1341,1,1,0,0,23,30,46,47,2
1342,3,1,0,0,45,23,85,50,2
1343,-1,0,0,0,23,45,50,67,1
1344,-1,0,0,0,31,38,50,70,0
1345,-2,0,0,0,28,21,0,35,0
1346,0,0,0,0,30,37,47,44,2
1347,0,0,0,0,24,24,35,50,0
1348,0,0,0,0,44,35,86,63,0
1349,0,0,0,0,28,29,0,64,1
1350,1,1,0,0,38,26,63,36,1
1351,3,1,0,0,26,24,0,35,1
1352,0,2,0,0,31,31,50,0,1
1353,-1,0,0,0,27,24,0,38,1
1354,-1,0,0,0,30,32,50,0,0
1355,0,2,0,0,30,44,46,86,2
1356,1,1,0,0,33,30,39,61,2
1357,1,1,0,0,54,49,85,67,2
1358,1,1,0,0,50,24,75,38,2
1359,0,2,0,0,27,33,50,47,2
1360,2,1,0,0,29,47,0,70,2
1361,1,1,0,0,53,33,75,47,2
1362,0,2,0,0,30,32,64,50,2
1363,2,1,0,0,30,37,61,44,2
1364,0,1,0,0,35,36,0,39,1
1365,-1,0,0,0,27,57,36,85,0
1366,2,1,0,0,25,39,35,63,2
1367,1,1,0,0,49,31,67,46,1
1368,0,2,0,0,33,28,47,0,1
1369,-1,0,0,0,45,60,86,85,2
1370,0,0,0,0,37,33,39,64,1
1371,2,1,0,0,39,60,63,85,2
1372,0,1,0,0,28,47,38,70,1
1373,0,0,0,0,30,29,50,0,0
1374,0,2,0,0,56,37,75,44,1
1375,-1,0,0,0,0,3,36,86,0
1376,-1,0,0,0,0,6,47,64,2
1377,-1,0,0,0,5,10,44,75,1
1378,1,1,0,0,1,8,35,70,2
1379,0,1,0,0,5,6,63,44,1
1380,0,2,0,0,7,2,46,61,1
1381,-1,0,0,0,4,8,35,46,1
1382,0,0,0,0,10,7,0,39,1
1383,0,0,0,0,8,10,70,64,2
1384,0,2,0,0,7,12,44,85,1
1385,1,1,0,0,5,5,38,35,1
1386,-2,0,0,0,7,8,0,36,1
1387,2,1,0,0,13,11,85,0,1
1388,0,2,0,0,10,18,64,86,1
1389,2,1,0,0,9,10,46,36,2
1390,1,1,0,0,17,15,85,70,2
1391,0,0,0,0,6,17,38,67,2
1392,0,0,0,0,16,16,0,47,0
1393,1,1,0,0,25,14,85,36,2
1394,3,1,0,0,16,9,63,35,2
1395,0,0,0,0,14,20,36,47,1
1396,1,1,0,0,26,23,67,39,2
1397,1,1,0,0,29,16,86,61,1
1398,-1,0,0,0,12,29,35,67,0
1399,1,1,0,0,19,22,0,63,2
1400,-2,0,0,0,15,16,38,36,0
1401,-2,0,0,0,22,32,0,67,0
1402,1,1,0,0,34,27,85,44,2
1403,1,1,0,0,26,22,39,0,2
1404,-1,0,0,1,20,27,64,70,0
1405,1,1,0,0,41,27,85,47,2
1406,1,1,0,0,19,22,46,0,2
1407,0,2,0,0,36,44,70,85,1
1408,1,1,0,0,25,25,63,61,1
1409,0,2,0,0,29,37,0,70,1
1410,1,1,0,0,22,45,64,67,2
1411,0,2,0,0,32,30,63,47,2
1412,0,2,0,0,26,30,46,0,2
1413,0,2,0,0,30,21,39,38,2
1414,1,0,0,0,21,54,38,85,2
1415,0,0,0,0,23,31,36,50,2
1416,1,1,0,0,41,33,70,39,2
1417,-4,0,0,0,30,49,0,75,1
1418,3,1,0,0,46,26,67,0,2
1419,0,1,0,0,27,28,61,0,2
1420,1,1,0,0,28,29,64,46,1
1421,0,1,0,0,37,44,44,70,0
1422,1,1,0,1,25,32,38,0,2
1423,2,1,0,0,28,34,35,47,2
1424,-1,1,0,0,36,33,0,61,0
1425,1,1,0,0,50,27,67,36,2
1426,0,1,0,0,32,32,46,50,2
1427,-1,0,0,0,32,48,0,86,0
1428,0,0,0,0,36,30,61,50,1
1429,0,0,0,0,27,31,36,50,2
1430,1,1,0,0,32,57,0,75,1
1431,0,2,0,0,48,31,70,35,1
1432,1,1,0,0,34,36,47,0,2
1433,0,2,0,0,60,40,85,39,2
1434,1,1,0,0,37,35,61,46,2
1435,-2,0,0,0,32,32,50,0,1
1436,-1,0,0,0,33,29,64,38,0
1437,-1,0,0,0,38,42,44,63,0
1438,0,2,0,0,51,53,86,67,2
1439,0,2,0,0,30,49,36,70,1
1440,2,1,0,0,32,63,35,85,0
1441,0,0,0,0,33,45,0,63,2
1442,0,1,0,0,37,54,47,86,1
1443,2,1,0,0,36,32,0,38,2
1444,1,1,0,0,40,33,61,64,1
1445,1,1,0,0,31,40,50,39,2
1446,0,2,0,0,58,33,75,50,1
1447,2,1,0,0,53,38,67,44,2
1448,2,1,0,0,35,33,46,0,2
1449,-3,0,0,0,32,41,38,61,0
1450,1,1,0,0,50,38,70,47,2
1451,1,1,0,0,38,36,44,0,0
1452,2,1,0,0,66,38,85,46,2
1453,0,2,0,0,55,31,86,36,2
1454,2,1,0,0,40,32,39,35,2
1455,0,0,0,0,34,34,50,50,1
1456,1,1,0,0,34,39,64,0,2
1457,-2,0,0,0,33,59,0,75,0
1458,3,1,0,0,45,56,63,67,2
1459,0,1,0,0,32,37,35,64,0
1460,-2,1,0,0,39,58,0,86,0
1461,0,2,0,0,44,35,61,50,2
1462,-2,0,0,0,33,31,0,36,0
1463,1,1,0,0,35,38,50,44,2
1464,0,2,0,0,62,48,75,63,1
1465,0,2,0,0,39,69,0,85,1
1466,-1,0,0,0,53,63,70,75,1
1467,2,1,0,0,61,38,86,50,2
1468,1,1,0,0,32,38,38,46,1
1469,0,0,0,0,54,39,70,0,1
1470,0,0,0,0,38,34,44,36,2
1471,0,2,0,0,70,47,85,61,2
1472,2,1,0,0,49,38,63,50,2
1473,1,1,0,0,64,32,86,35,2
1474,0,0,0,0,33,40,0,0,1
1475,0,0,0,0,40,38,64,47,1
1476,1,1,0,0,43,64,39,75,2
1477,0,0,0,0,35,56,50,67,0
1478,2,1,0,0,39,33,47,38,2
1479,1,1,0,0,39,46,46,39,2
1480,1,1,0,0,34,47,36,61,1
1481,-1,0,0,0,40,41,0,64,2
1482,-1,0,0,0,41,42,44,46,0
1483,0,0,0,0,67,55,86,70,2
1484,0,2,0,0,34,42,0,47,1
1485,1,1,0,0,35,46,50,39,2
1486,1,1,0,0,59,32,67,35,2
1487,1,1,0,0,52,41,63,0,2
1488,0,0,1,0,38,33,50,38,1
1489,0,2,0,0,64,73,75,85,2
1490,-1,0,0,0,32,38,35,50,1
1491,0,0,0,0,55,35,70,0,1
1492,1,1,0,1,41,39,0,50,2
1493,-1,0,0,0,48,62,61,67,2
1494,-1,0,0,0,46,41,39,44,0
1495,0,0,0,0,41,35,64,36,1
1496,2,1,0,0,34,43,38,0,2
1497,2,1,0,0,43,67,47,75,2
1498,2,1,0,0,73,70,85,86,2
1499,-3,0,0,0,45,55,46,63,0
1500,1,1,0,0,62,56,67,70,2
1501,1,1,0,0,43,51,0,61,2
1502,0,0,0,0,44,37,44,38,0
1503,1,0,0,0,36,46,0,39,2
1504,1,1,0,0,39,76,50,85,1
1505,-2,0,0,0,36,33,36,35,2
1506,-1,0,0,0,58,56,63,70,0
1507,0,1,0,0,77,44,86,0,1
1508,-1,0,0,0,39,45,50,46,0
1509,-2,0,0,0,67,42,75,64,0
1510,1,1,0,0,65,46,67,47,2
1511,-3,0,0,0,40,40,38,50,0
1512,-1,0,0,0,33,44,35,44,0
1513,0,2,0,0,59,39,70,50,2
1514,0,0,0,0,46,39,47,36,0
1515,2,1,0,0,45,46,0,0,1
1516,0,1,0,0,77,39,85,0,2
1517,0,1,0,0,48,67,46,75,1
1518,0,2,0,0,51,71,61,86,2
1519,-1,0,0,0,46,68,39,67,0
1520,1,1,0,0,45,58,64,63,2